,Name,Params,Accuracy,Precision (0),Recall (0),F1 (0),Precision (1),Recall (1),F1 (1)
0,LSTM,100 layers,0.8947368421052632,0.9316770186335404,0.9433962264150944,0.9375,0.6896551724137931,0.6451612903225806,0.6666666666666667
1,RNN,200 units,0.868421052631579,0.8941176470588236,0.9559748427672956,0.9240121580547113,0.65,0.41935483870967744,0.5098039215686274
2,CNN,"128 filters, kernel size 3",0.8526315789473684,0.8786127167630058,0.9559748427672956,0.9156626506024096,0.5882352941176471,0.3225806451612903,0.41666666666666663
3,CNN with Attention,"256 filters, kernel size 5",0.8473684210526315,0.8735632183908046,0.9559748427672956,0.912912912912913,0.5625,0.2903225806451613,0.3829787234042554
