,Name,Params,Accuracy,Precision (0),Recall (0),F1 (0),Precision (1),Recall (1),F1 (1)
0,LSTM,100 layers,0.9,0.9375,0.9433962264150944,0.9404388714733543,0.7,0.6774193548387096,0.6885245901639343
1,RNN,200 units,0.8421052631578947,0.8728323699421965,0.949685534591195,0.9096385542168675,0.5294117647058824,0.2903225806451613,0.375
2,CNN,"128 filters, kernel size 3",0.8210526315789474,0.8787878787878788,0.9119496855345912,0.8950617283950616,0.44,0.3548387096774194,0.3928571428571428
3,CNN with Attention,"256 filters, kernel size 5",0.8421052631578947,0.9056603773584906,0.9056603773584906,0.9056603773584906,0.5161290322580645,0.5161290322580645,0.5161290322580645
