,Name,Params,Accuracy,Precision (0),Recall (0),F1 (0),Precision (1),Recall (1),F1 (1)
0,LSTM,100 layers,0.8631578947368421,0.9079754601226994,0.9308176100628931,0.9192546583850932,0.5925925925925926,0.5161290322580645,0.5517241379310345
1,RNN,200 units,0.8526315789473684,0.8922155688622755,0.9371069182389937,0.9141104294478527,0.5652173913043478,0.41935483870967744,0.4814814814814815
2,CNN,"128 filters, kernel size 3",0.8263157894736842,0.85,0.9622641509433962,0.9026548672566371,0.4,0.12903225806451613,0.1951219512195122
3,CNN with Attention,"256 filters, kernel size 5",0.8421052631578947,0.856353591160221,0.9748427672955975,0.9117647058823529,0.5555555555555556,0.16129032258064516,0.25
