,Name,Params,Accuracy,Precision (0),Recall (0),F1 (0),Precision (1),Recall (1),F1 (1)
0,LSTM,100 layers,0.868421052631579,0.8941176470588236,0.9559748427672956,0.9240121580547113,0.65,0.41935483870967744,0.5098039215686274
1,RNN,200 units,0.8105263157894737,0.8554913294797688,0.9308176100628931,0.8915662650602411,0.35294117647058826,0.1935483870967742,0.25
2,CNN,"128 filters, kernel size 3",0.8210526315789474,0.8531073446327684,0.949685534591195,0.8988095238095238,0.38461538461538464,0.16129032258064516,0.22727272727272727
3,CNN with Attention,"256 filters, kernel size 5",0.8210526315789474,0.8453038674033149,0.9622641509433962,0.8999999999999999,0.3333333333333333,0.0967741935483871,0.15000000000000002
