,Name,Params,Accuracy,Precision (0),Recall (0),F1 (0),Precision (1),Recall (1),F1 (1)
0,LSTM,100 layers,0.8526315789473684,0.9171974522292994,0.9056603773584906,0.9113924050632911,0.5454545454545454,0.5806451612903226,0.5625
1,RNN,200 units,0.8578947368421053,0.888235294117647,0.949685534591195,0.9179331306990881,0.6,0.3870967741935484,0.47058823529411764
2,CNN,"128 filters, kernel size 3",0.8263157894736842,0.8620689655172413,0.9433962264150944,0.9009009009009009,0.4375,0.22580645161290322,0.2978723404255319
3,CNN with Attention,"256 filters, kernel size 5",0.8263157894736842,0.8705882352941177,0.9308176100628931,0.8996960486322189,0.45,0.2903225806451613,0.3529411764705882
