,Name,Params,Accuracy,Precision (0),Recall (0),F1 (0),Precision (1),Recall (1),F1 (1)
0,LSTM,100 layers,0.8894736842105263,0.9259259259259259,0.9433962264150944,0.9345794392523364,0.6785714285714286,0.6129032258064516,0.6440677966101694
1,RNN,200 units,0.8315789473684211,0.8670520231213873,0.9433962264150944,0.9036144578313252,0.47058823529411764,0.25806451612903225,0.3333333333333333
2,CNN,"128 filters, kernel size 3",0.8526315789473684,0.8830409356725146,0.949685534591195,0.9151515151515152,0.5789473684210527,0.3548387096774194,0.44000000000000006
3,CNN with Attention,"256 filters, kernel size 5",0.8736842105263158,0.8947368421052632,0.9622641509433962,0.9272727272727272,0.6842105263157895,0.41935483870967744,0.5200000000000001
