,Name,Params,Accuracy,Precision (0),Recall (0),F1 (0),Precision (1),Recall (1),F1 (1)
0,LSTM,100 layers,0.9052631578947369,0.937888198757764,0.949685534591195,0.94375,0.7241379310344828,0.6774193548387096,0.7
1,RNN,200 units,0.8052631578947368,0.8630952380952381,0.9119496855345912,0.8868501529051989,0.36363636363636365,0.25806451612903225,0.3018867924528302
2,CNN,"128 filters, kernel size 3",0.8473684210526315,0.891566265060241,0.9308176100628931,0.9107692307692308,0.5416666666666666,0.41935483870967744,0.4727272727272728
3,CNN with Attention,"256 filters, kernel size 5",0.8473684210526315,0.9012345679012346,0.9182389937106918,0.9096573208722741,0.5357142857142857,0.4838709677419355,0.5084745762711865
