,Name,Params,Accuracy,Precision (0),Recall (0),F1 (0),Precision (1),Recall (1),F1 (1)
0,LSTM,100 layers,0.8578947368421053,0.888235294117647,0.949685534591195,0.9179331306990881,0.6,0.3870967741935484,0.47058823529411764
1,RNN,200 units,0.8263157894736842,0.8888888888888888,0.9056603773584906,0.897196261682243,0.4642857142857143,0.41935483870967744,0.44067796610169496
2,CNN,"128 filters, kernel size 3",0.8263157894736842,0.875,0.9245283018867925,0.8990825688073395,0.45454545454545453,0.3225806451612903,0.3773584905660377
3,CNN with Attention,"256 filters, kernel size 5",0.8263157894736842,0.8662790697674418,0.9371069182389937,0.9003021148036254,0.4444444444444444,0.25806451612903225,0.32653061224489793
