,Name,Params,Accuracy,Precision (0),Recall (0),F1 (0),Precision (1),Recall (1),F1 (1)
0,LSTM,100 layers,0.8631578947368421,0.9182389937106918,0.9182389937106918,0.9182389937106918,0.5806451612903226,0.5806451612903226,0.5806451612903226
1,RNN,200 units,0.8315789473684211,0.8802395209580839,0.9245283018867925,0.9018404907975461,0.4782608695652174,0.3548387096774194,0.40740740740740744
2,CNN,"128 filters, kernel size 3",0.8210526315789474,0.8698224852071006,0.9245283018867925,0.8963414634146342,0.42857142857142855,0.2903225806451613,0.34615384615384615
3,CNN with Attention,"256 filters, kernel size 5",0.8473684210526315,0.8735632183908046,0.9559748427672956,0.912912912912913,0.5625,0.2903225806451613,0.3829787234042554
