,Name,Params,Accuracy,Precision (0),Recall (0),F1 (0),Precision (1),Recall (1),F1 (1)
0,LSTM,100 layers,0.8842105263157894,0.9202453987730062,0.9433962264150944,0.9316770186335405,0.6666666666666666,0.5806451612903226,0.6206896551724138
1,RNN,200 units,0.8947368421052632,0.9064327485380117,0.9748427672955975,0.9393939393939394,0.7894736842105263,0.4838709677419355,0.6
2,CNN,"128 filters, kernel size 3",0.8473684210526315,0.877906976744186,0.949685534591195,0.9123867069486405,0.5555555555555556,0.3225806451612903,0.40816326530612246
3,CNN with Attention,"256 filters, kernel size 5",0.8578947368421053,0.8975903614457831,0.9371069182389937,0.9169230769230768,0.5833333333333334,0.45161290322580644,0.509090909090909
