,Name,Params,Accuracy,Precision (0),Recall (0),F1 (0),Precision (1),Recall (1),F1 (1)
0,LSTM,100 layers,0.8578947368421053,0.9125,0.9182389937106918,0.9153605015673982,0.5666666666666667,0.5483870967741935,0.5573770491803278
1,RNN,200 units,0.8526315789473684,0.8875739644970414,0.9433962264150944,0.9146341463414636,0.5714285714285714,0.3870967741935484,0.4615384615384615
2,CNN,"128 filters, kernel size 3",0.8368421052631579,0.872093023255814,0.9433962264150944,0.9063444108761329,0.5,0.2903225806451613,0.3673469387755102
3,CNN with Attention,"256 filters, kernel size 5",0.868421052631579,0.8895348837209303,0.9622641509433962,0.9244712990936556,0.6666666666666666,0.3870967741935484,0.4897959183673469
